{"stats":{"minecraft:used":{"minecraft:cobblestone":13,"minecraft:crafting_table":2,"minecraft:stone_pickaxe":17,"minecraft:andesite":2,"minecraft:wooden_pickaxe":6},"minecraft:custom":{"minecraft:time_since_rest":3485,"minecraft:play_time":3485,"minecraft:sprint_one_cm":4511,"minecraft:damage_taken":210,"minecraft:walk_one_cm":5996,"minecraft:jump":103,"minecraft:time_since_death":3485,"minecraft:total_world_time":3485,"minecraft:fall_one_cm":6024,"minecraft:interact_with_crafting_table":2,"minecraft:fly_one_cm":13365},"minecraft:crafted":{"minecraft:crafting_table":1,"minecraft:stick":4,"minecraft:wooden_pickaxe":1,"minecraft:jungle_planks":28,"minecraft:stone_pickaxe":1},"minecraft:picked_up":{"minecraft:raw_copper":2,"minecraft:crafting_table":1,"minecraft:andesite":2,"minecraft:jungle_log":7,"minecraft:granite":2,"minecraft:diorite":1,"minecraft:cobblestone":17},"minecraft:mined":{"minecraft:granite":2,"minecraft:vine":2,"minecraft:jungle_log":7,"minecraft:copper_ore":1,"minecraft:stone":17,"minecraft:andesite":2,"minecraft:diorite":1,"minecraft:crafting_table":1}},"DataVersion":3465}