{"stats":{"minecraft:mined":{"minecraft:grass_block":2,"minecraft:dirt":1,"minecraft:birch_log":11,"minecraft:birch_leaves":2},"minecraft:custom":{"minecraft:time_since_rest":5760,"minecraft:play_time":5760,"minecraft:sprint_one_cm":3379,"minecraft:damage_taken":160,"minecraft:walk_one_cm":24514,"minecraft:drop":2,"minecraft:jump":19,"minecraft:time_since_death":5760,"minecraft:total_world_time":5760,"minecraft:interact_with_crafting_table":3,"minecraft:fall_one_cm":1030,"minecraft:fly_one_cm":2328},"minecraft:picked_up":{"minecraft:birch_log":11,"jujutsucraft:item_insect":1,"minecraft:birch_sapling":1,"minecraft:dirt":1},"minecraft:crafted":{"minecraft:wooden_sword":1,"minecraft:birch_planks":44,"minecraft:crafting_table":1,"minecraft:stick":4,"minecraft:wooden_pickaxe":1},"minecraft:dropped":{"jujutsucraft:item_insect":2},"minecraft:used":{"jujutsucraft:uniform_gojo_leggings":1,"minecraft:dirt":1,"jujutsucraft:uniform_gojo_boots":1,"minecraft:crafting_table":1,"jujutsucraft:uniform_normal_leggings":1,"jujutsucraft:uniform_gojo_helmet":1,"jujutsucraft:uniform_normal_boots":1,"jujutsucraft:uniform_normal_chestplate":1,"jujutsucraft:uniform_gojo_chestplate":1}},"DataVersion":3465}