{"stats":{"minecraft:mined":{"minecraft:birch_log":13,"minecraft:stone":5,"minecraft:birch_leaves":3},"minecraft:custom":{"minecraft:time_since_rest":5599,"minecraft:play_time":5599,"minecraft:sprint_one_cm":2236,"minecraft:damage_taken":3,"minecraft:walk_one_cm":5118,"minecraft:drop":1,"minecraft:jump":6,"minecraft:time_since_death":5599,"minecraft:total_world_time":5599,"minecraft:interact_with_crafting_table":2,"minecraft:fly_one_cm":356},"minecraft:picked_up":{"minecraft:birch_log":13,"minecraft:birch_sapling":3,"minecraft:cobblestone":5},"minecraft:crafted":{"minecraft:wooden_sword":1,"minecraft:birch_planks":52,"minecraft:stick":12,"minecraft:wooden_pickaxe":1,"minecraft:wooden_axe":1},"minecraft:dropped":{"jujutsucraft:item_insect":1},"minecraft:used":{"jujutsucraft:clothes_zenin_boots":1,"jujutsucraft:uniform_normal_leggings":1,"jujutsucraft:clothes_fushiguro_toji_leggings":1,"minecraft:wooden_pickaxe":5,"jujutsucraft:uniform_normal_boots":1,"jujutsucraft:uniform_normal_chestplate":1,"jujutsucraft:clothes_sukuna_fushiguro_chestplate":1}},"DataVersion":3465}